Workbook

Sheet Instructions
A1: Physical Inventory Count Sheet - v2 fixed
A3: Rack tabs: fill Part #, Qty., and Location only. Description is protected and auto-fills from Part #.
A4: Do NOT type custom descriptions into rack-tab Description cells; Excel replaces the formula when you do that.
A5: For any new/custom part or custom description, use the Custom-New Items tab. That tab allows manual Description entry.
A6: Location dropdown contains all generated rack locations plus current standalone locations.

Sheet All Counts Summary
A1: Use rack tabs + Custom-New Items as the source of truth for counts.

Sheet Parts Lookup
A1: Part # | B1: Description
A2: 03-000904 | B2: PDU, BASIC, NEMA L22-30P, 415/30, 3-PHASE, 18XCX (L-N), BLACK, TOP CORD ENTRY
A3: 10-KA18CL | B3: KEVLAR ACP 1 PLY SLV COTTON LINED
A4: 10196642.0 | B4: V-FORM standard harness
A5: 1057201.0 | B5: RJ45, CAT6 UNSHEILDED, BLUE
A6: 118100S8 | B6: M59 COMPRESSOR
A7: 13148731320 | B7: WHITE HARD HAT MILWAUKEE
A8: 13148731320.0 | B8: WHITE HARD HAT MILWAUKEE
A9: 13148731410 | B9: Clear eye visor - Milwaukee
A10: 13148731410.0 | B10: Clear eye visor - Milwaukee
A11: 13C493 | B11: RIBBON LABEL CARTRIDGE, WHITE, GLOSS, 3/4 in W
A12: 13R539 | B12: CASTER SET, 6in-DIA, BLACK, 2, 600LBS, 1PK
... A522: WH-B | B522: Test2

Sheet Custom-New Items
A1: Part # | B1: Description | C1: Qty. | D1: Location

Sheet Locations
A1: Location
A2: R1-01-1L
A3: R1-01-1R
A4: R1-01-2L
A5: R1-01-2R
A6: R1-01-3L
A7: R1-01-3R
A8: R1-02-1L
A9: R1-02-1R
A10: R1-02-2L
A11: R1-02-2R
A12: R1-02-3L
... A513: TOOLS

Sheet Rack R1
A1: Part # | B1: Description | C1: Qty. | D1: Location
B2: =IF(A2="","",IFERROR(VLOOKUP(A2,'Parts Lookup'!$A:$B,2,FALSE),"NEW/CUSTOM - use Custom-New Items tab")) | D2: R1-
B3: =IF(A3="","",IFERROR(VLOOKUP(A3,'Parts Lookup'!$A:$B,2,FALSE),"NEW/CUSTOM - use Custom-New Items tab")) | D3: R1-
B4: =IF(A4="","",IFERROR(VLOOKUP(A4,'Parts Lookup'!$A:$B,2,FALSE),"NEW/CUSTOM - use Custom-New Items tab")) | D4: R1-
B5: =IF(A5="","",IFERROR(VLOOKUP(A5,'Parts Lookup'!$A:$B,2,FALSE),"NEW/CUSTOM - use Custom-New Items tab")) | D5: R1-
B6: =IF(A6="","",IFERROR(VLOOKUP(A6,'Parts Lookup'!$A:$B,2,FALSE),"NEW/CUSTOM - use Custom-New Items tab")) | D6: R1-
B7: =IF(A7="","",IFERROR(VLOOKUP(A7,'Parts Lookup'!$A:$B,2,FALSE),"NEW/CUSTOM - use Custom-New Items tab")) | D7: R1-
B8: =IF(A8="","",IFERROR(VLOOKUP(A8,'Parts Lookup'!$A:$B,2,FALSE),"NEW/CUSTOM - use Custom-New Items tab")) | D8: R1-
B9: =IF(A9="","",IFERROR(VLOOKUP(A9,'Parts Lookup'!$A:$B,2,FALSE),"NEW/CUSTOM - use Custom-New Items tab")) | D9: R1-
B10: =IF(A10="","",IFERROR(VLOOKUP(A10,'Parts Lookup'!$A:$B,2,FALSE),"NEW/CUSTOM - use Custom-New Items tab")) | D10: R1-
B11: =IF(A11="","",IFERROR(VLOOKUP(A11,'Parts Lookup'!$A:$B,2,FALSE),"NEW/CUSTOM - use Custom-New Items tab")) | D11: R1-
B12: =IF(A12="","",IFERROR(VLOOKUP(A12,'Parts Lookup'!$A:$B,2,FALSE),"NEW/CUSTOM - use Custom-New Items tab")) | D12: R1-
B13: =IF(A13="","",IFERROR(VLOOKUP(A13,'Parts Lookup'!$A:$B,2,FALSE),"NEW/CUSTOM - use Custom-New Items tab")) | D13: R1-
... B750: =IF(A750="","",IFERROR(VLOOKUP(A750,'Parts Lookup'!$A:$B,2,FALSE),"NEW/CUSTOM - use Custom-New Items tab")) | D750: R1-

Sheet Rack R2
A1: Part # | B1: Description | C1: Qty. | D1: Location
B2: =IF(A2="","",IFERROR(VLOOKUP(A2,'Parts Lookup'!$A:$B,2,FALSE),"NEW/CUSTOM - use Custom-New Items tab")) | D2: R2-
B3: =IF(A3="","",IFERROR(VLOOKUP(A3,'Parts Lookup'!$A:$B,2,FALSE),"NEW/CUSTOM - use Custom-New Items tab")) | D3: R2-
B4: =IF(A4="","",IFERROR(VLOOKUP(A4,'Parts Lookup'!$A:$B,2,FALSE),"NEW/CUSTOM - use Custom-New Items tab")) | D4: R2-
B5: =IF(A5="","",IFERROR(VLOOKUP(A5,'Parts Lookup'!$A:$B,2,FALSE),"NEW/CUSTOM - use Custom-New Items tab")) | D5: R2-
B6: =IF(A6="","",IFERROR(VLOOKUP(A6,'Parts Lookup'!$A:$B,2,FALSE),"NEW/CUSTOM - use Custom-New Items tab")) | D6: R2-
B7: =IF(A7="","",IFERROR(VLOOKUP(A7,'Parts Lookup'!$A:$B,2,FALSE),"NEW/CUSTOM - use Custom-New Items tab")) | D7: R2-
B8: =IF(A8="","",IFERROR(VLOOKUP(A8,'Parts Lookup'!$A:$B,2,FALSE),"NEW/CUSTOM - use Custom-New Items tab")) | D8: R2-
B9: =IF(A9="","",IFERROR(VLOOKUP(A9,'Parts Lookup'!$A:$B,2,FALSE),"NEW/CUSTOM - use Custom-New Items tab")) | D9: R2-
B10: =IF(A10="","",IFERROR(VLOOKUP(A10,'Parts Lookup'!$A:$B,2,FALSE),"NEW/CUSTOM - use Custom-New Items tab")) | D10: R2-
B11: =IF(A11="","",IFERROR(VLOOKUP(A11,'Parts Lookup'!$A:$B,2,FALSE),"NEW/CUSTOM - use Custom-New Items tab")) | D11: R2-
B12: =IF(A12="","",IFERROR(VLOOKUP(A12,'Parts Lookup'!$A:$B,2,FALSE),"NEW/CUSTOM - use Custom-New Items tab")) | D12: R2-
B13: =IF(A13="","",IFERROR(VLOOKUP(A13,'Parts Lookup'!$A:$B,2,FALSE),"NEW/CUSTOM - use Custom-New Items tab")) | D13: R2-
... B750: =IF(A750="","",IFERROR(VLOOKUP(A750,'Parts Lookup'!$A:$B,2,FALSE),"NEW/CUSTOM - use Custom-New Items tab")) | D750: R2-

Sheet Rack R3
A1: Part # | B1: Description | C1: Qty. | D1: Location
B2: =IF(A2="","",IFERROR(VLOOKUP(A2,'Parts Lookup'!$A:$B,2,FALSE),"NEW/CUSTOM - use Custom-New Items tab")) | D2: R3-
B3: =IF(A3="","",IFERROR(VLOOKUP(A3,'Parts Lookup'!$A:$B,2,FALSE),"NEW/CUSTOM - use Custom-New Items tab")) | D3: R3-
B4: =IF(A4="","",IFERROR(VLOOKUP(A4,'Parts Lookup'!$A:$B,2,FALSE),"NEW/CUSTOM - use Custom-New Items tab")) | D4: R3-
B5: =IF(A5="","",IFERROR(VLOOKUP(A5,'Parts Lookup'!$A:$B,2,FALSE),"NEW/CUSTOM - use Custom-New Items tab")) | D5: R3-
B6: =IF(A6="","",IFERROR(VLOOKUP(A6,'Parts Lookup'!$A:$B,2,FALSE),"NEW/CUSTOM - use Custom-New Items tab")) | D6: R3-
B7: =IF(A7="","",IFERROR(VLOOKUP(A7,'Parts Lookup'!$A:$B,2,FALSE),"NEW/CUSTOM - use Custom-New Items tab")) | D7: R3-
B8: =IF(A8="","",IFERROR(VLOOKUP(A8,'Parts Lookup'!$A:$B,2,FALSE),"NEW/CUSTOM - use Custom-New Items tab")) | D8: R3-
B9: =IF(A9="","",IFERROR(VLOOKUP(A9,'Parts Lookup'!$A:$B,2,FALSE),"NEW/CUSTOM - use Custom-New Items tab")) | D9: R3-
B10: =IF(A10="","",IFERROR(VLOOKUP(A10,'Parts Lookup'!$A:$B,2,FALSE),"NEW/CUSTOM - use Custom-New Items tab")) | D10: R3-
B11: =IF(A11="","",IFERROR(VLOOKUP(A11,'Parts Lookup'!$A:$B,2,FALSE),"NEW/CUSTOM - use Custom-New Items tab")) | D11: R3-
B12: =IF(A12="","",IFERROR(VLOOKUP(A12,'Parts Lookup'!$A:$B,2,FALSE),"NEW/CUSTOM - use Custom-New Items tab")) | D12: R3-
B13: =IF(A13="","",IFERROR(VLOOKUP(A13,'Parts Lookup'!$A:$B,2,FALSE),"NEW/CUSTOM - use Custom-New Items tab")) | D13: R3-
... B750: =IF(A750="","",IFERROR(VLOOKUP(A750,'Parts Lookup'!$A:$B,2,FALSE),"NEW/CUSTOM - use Custom-New Items tab")) | D750: R3-

Sheet Rack R4
A1: Part # | B1: Description | C1: Qty. | D1: Location
B2: =IF(A2="","",IFERROR(VLOOKUP(A2,'Parts Lookup'!$A:$B,2,FALSE),"NEW/CUSTOM - use Custom-New Items tab")) | D2: R4-
B3: =IF(A3="","",IFERROR(VLOOKUP(A3,'Parts Lookup'!$A:$B,2,FALSE),"NEW/CUSTOM - use Custom-New Items tab")) | D3: R4-
B4: =IF(A4="","",IFERROR(VLOOKUP(A4,'Parts Lookup'!$A:$B,2,FALSE),"NEW/CUSTOM - use Custom-New Items tab")) | D4: R4-
B5: =IF(A5="","",IFERROR(VLOOKUP(A5,'Parts Lookup'!$A:$B,2,FALSE),"NEW/CUSTOM - use Custom-New Items tab")) | D5: R4-
B6: =IF(A6="","",IFERROR(VLOOKUP(A6,'Parts Lookup'!$A:$B,2,FALSE),"NEW/CUSTOM - use Custom-New Items tab")) | D6: R4-
B7: =IF(A7="","",IFERROR(VLOOKUP(A7,'Parts Lookup'!$A:$B,2,FALSE),"NEW/CUSTOM - use Custom-New Items tab")) | D7: R4-
B8: =IF(A8="","",IFERROR(VLOOKUP(A8,'Parts Lookup'!$A:$B,2,FALSE),"NEW/CUSTOM - use Custom-New Items tab")) | D8: R4-
B9: =IF(A9="","",IFERROR(VLOOKUP(A9,'Parts Lookup'!$A:$B,2,FALSE),"NEW/CUSTOM - use Custom-New Items tab")) | D9: R4-
B10: =IF(A10="","",IFERROR(VLOOKUP(A10,'Parts Lookup'!$A:$B,2,FALSE),"NEW/CUSTOM - use Custom-New Items tab")) | D10: R4-
B11: =IF(A11="","",IFERROR(VLOOKUP(A11,'Parts Lookup'!$A:$B,2,FALSE),"NEW/CUSTOM - use Custom-New Items tab")) | D11: R4-
B12: =IF(A12="","",IFERROR(VLOOKUP(A12,'Parts Lookup'!$A:$B,2,FALSE),"NEW/CUSTOM - use Custom-New Items tab")) | D12: R4-
B13: =IF(A13="","",IFERROR(VLOOKUP(A13,'Parts Lookup'!$A:$B,2,FALSE),"NEW/CUSTOM - use Custom-New Items tab")) | D13: R4-
... B750: =IF(A750="","",IFERROR(VLOOKUP(A750,'Parts Lookup'!$A:$B,2,FALSE),"NEW/CUSTOM - use Custom-New Items tab")) | D750: R4-

Sheet Rack R5
A1: Part # | B1: Description | C1: Qty. | D1: Location
B2: =IF(A2="","",IFERROR(VLOOKUP(A2,'Parts Lookup'!$A:$B,2,FALSE),"NEW/CUSTOM - use Custom-New Items tab")) | D2: R5-
B3: =IF(A3="","",IFERROR(VLOOKUP(A3,'Parts Lookup'!$A:$B,2,FALSE),"NEW/CUSTOM - use Custom-New Items tab")) | D3: R5-
B4: =IF(A4="","",IFERROR(VLOOKUP(A4,'Parts Lookup'!$A:$B,2,FALSE),"NEW/CUSTOM - use Custom-New Items tab")) | D4: R5-
B5: =IF(A5="","",IFERROR(VLOOKUP(A5,'Parts Lookup'!$A:$B,2,FALSE),"NEW/CUSTOM - use Custom-New Items tab")) | D5: R5-
B6: =IF(A6="","",IFERROR(VLOOKUP(A6,'Parts Lookup'!$A:$B,2,FALSE),"NEW/CUSTOM - use Custom-New Items tab")) | D6: R5-
B7: =IF(A7="","",IFERROR(VLOOKUP(A7,'Parts Lookup'!$A:$B,2,FALSE),"NEW/CUSTOM - use Custom-New Items tab")) | D7: R5-
B8: =IF(A8="","",IFERROR(VLOOKUP(A8,'Parts Lookup'!$A:$B,2,FALSE),"NEW/CUSTOM - use Custom-New Items tab")) | D8: R5-
B9: =IF(A9="","",IFERROR(VLOOKUP(A9,'Parts Lookup'!$A:$B,2,FALSE),"NEW/CUSTOM - use Custom-New Items tab")) | D9: R5-
B10: =IF(A10="","",IFERROR(VLOOKUP(A10,'Parts Lookup'!$A:$B,2,FALSE),"NEW/CUSTOM - use Custom-New Items tab")) | D10: R5-
B11: =IF(A11="","",IFERROR(VLOOKUP(A11,'Parts Lookup'!$A:$B,2,FALSE),"NEW/CUSTOM - use Custom-New Items tab")) | D11: R5-
B12: =IF(A12="","",IFERROR(VLOOKUP(A12,'Parts Lookup'!$A:$B,2,FALSE),"NEW/CUSTOM - use Custom-New Items tab")) | D12: R5-
B13: =IF(A13="","",IFERROR(VLOOKUP(A13,'Parts Lookup'!$A:$B,2,FALSE),"NEW/CUSTOM - use Custom-New Items tab")) | D13: R5-
... B750: =IF(A750="","",IFERROR(VLOOKUP(A750,'Parts Lookup'!$A:$B,2,FALSE),"NEW/CUSTOM - use Custom-New Items tab")) | D750: R5-

Sheet Rack R6
A1: Part # | B1: Description | C1: Qty. | D1: Location
B2: =IF(A2="","",IFERROR(VLOOKUP(A2,'Parts Lookup'!$A:$B,2,FALSE),"NEW/CUSTOM - use Custom-New Items tab")) | D2: R6-
B3: =IF(A3="","",IFERROR(VLOOKUP(A3,'Parts Lookup'!$A:$B,2,FALSE),"NEW/CUSTOM - use Custom-New Items tab")) | D3: R6-
B4: =IF(A4="","",IFERROR(VLOOKUP(A4,'Parts Lookup'!$A:$B,2,FALSE),"NEW/CUSTOM - use Custom-New Items tab")) | D4: R6-
B5: =IF(A5="","",IFERROR(VLOOKUP(A5,'Parts Lookup'!$A:$B,2,FALSE),"NEW/CUSTOM - use Custom-New Items tab")) | D5: R6-
B6: =IF(A6="","",IFERROR(VLOOKUP(A6,'Parts Lookup'!$A:$B,2,FALSE),"NEW/CUSTOM - use Custom-New Items tab")) | D6: R6-
B7: =IF(A7="","",IFERROR(VLOOKUP(A7,'Parts Lookup'!$A:$B,2,FALSE),"NEW/CUSTOM - use Custom-New Items tab")) | D7: R6-
B8: =IF(A8="","",IFERROR(VLOOKUP(A8,'Parts Lookup'!$A:$B,2,FALSE),"NEW/CUSTOM - use Custom-New Items tab")) | D8: R6-
B9: =IF(A9="","",IFERROR(VLOOKUP(A9,'Parts Lookup'!$A:$B,2,FALSE),"NEW/CUSTOM - use Custom-New Items tab")) | D9: R6-
B10: =IF(A10="","",IFERROR(VLOOKUP(A10,'Parts Lookup'!$A:$B,2,FALSE),"NEW/CUSTOM - use Custom-New Items tab")) | D10: R6-
B11: =IF(A11="","",IFERROR(VLOOKUP(A11,'Parts Lookup'!$A:$B,2,FALSE),"NEW/CUSTOM - use Custom-New Items tab")) | D11: R6-
B12: =IF(A12="","",IFERROR(VLOOKUP(A12,'Parts Lookup'!$A:$B,2,FALSE),"NEW/CUSTOM - use Custom-New Items tab")) | D12: R6-
B13: =IF(A13="","",IFERROR(VLOOKUP(A13,'Parts Lookup'!$A:$B,2,FALSE),"NEW/CUSTOM - use Custom-New Items tab")) | D13: R6-
... B750: =IF(A750="","",IFERROR(VLOOKUP(A750,'Parts Lookup'!$A:$B,2,FALSE),"NEW/CUSTOM - use Custom-New Items tab")) | D750: R6-

Sheet Rack R7
A1: Part # | B1: Description | C1: Qty. | D1: Location
B2: =IF(A2="","",IFERROR(VLOOKUP(A2,'Parts Lookup'!$A:$B,2,FALSE),"NEW/CUSTOM - use Custom-New Items tab")) | D2: R7-
B3: =IF(A3="","",IFERROR(VLOOKUP(A3,'Parts Lookup'!$A:$B,2,FALSE),"NEW/CUSTOM - use Custom-New Items tab")) | D3: R7-
B4: =IF(A4="","",IFERROR(VLOOKUP(A4,'Parts Lookup'!$A:$B,2,FALSE),"NEW/CUSTOM - use Custom-New Items tab")) | D4: R7-
B5: =IF(A5="","",IFERROR(VLOOKUP(A5,'Parts Lookup'!$A:$B,2,FALSE),"NEW/CUSTOM - use Custom-New Items tab")) | D5: R7-
B6: =IF(A6="","",IFERROR(VLOOKUP(A6,'Parts Lookup'!$A:$B,2,FALSE),"NEW/CUSTOM - use Custom-New Items tab")) | D6: R7-
B7: =IF(A7="","",IFERROR(VLOOKUP(A7,'Parts Lookup'!$A:$B,2,FALSE),"NEW/CUSTOM - use Custom-New Items tab")) | D7: R7-
B8: =IF(A8="","",IFERROR(VLOOKUP(A8,'Parts Lookup'!$A:$B,2,FALSE),"NEW/CUSTOM - use Custom-New Items tab")) | D8: R7-
B9: =IF(A9="","",IFERROR(VLOOKUP(A9,'Parts Lookup'!$A:$B,2,FALSE),"NEW/CUSTOM - use Custom-New Items tab")) | D9: R7-
B10: =IF(A10="","",IFERROR(VLOOKUP(A10,'Parts Lookup'!$A:$B,2,FALSE),"NEW/CUSTOM - use Custom-New Items tab")) | D10: R7-
B11: =IF(A11="","",IFERROR(VLOOKUP(A11,'Parts Lookup'!$A:$B,2,FALSE),"NEW/CUSTOM - use Custom-New Items tab")) | D11: R7-
B12: =IF(A12="","",IFERROR(VLOOKUP(A12,'Parts Lookup'!$A:$B,2,FALSE),"NEW/CUSTOM - use Custom-New Items tab")) | D12: R7-
B13: =IF(A13="","",IFERROR(VLOOKUP(A13,'Parts Lookup'!$A:$B,2,FALSE),"NEW/CUSTOM - use Custom-New Items tab")) | D13: R7-
... B750: =IF(A750="","",IFERROR(VLOOKUP(A750,'Parts Lookup'!$A:$B,2,FALSE),"NEW/CUSTOM - use Custom-New Items tab")) | D750: R7-

Sheet Standalone-Other
A1: Part # | B1: Description | C1: Qty. | D1: Location
B2: =IF(A2="","",IFERROR(VLOOKUP(A2,'Parts Lookup'!$A:$B,2,FALSE),"NEW/CUSTOM - use Custom-New Items tab"))
B3: =IF(A3="","",IFERROR(VLOOKUP(A3,'Parts Lookup'!$A:$B,2,FALSE),"NEW/CUSTOM - use Custom-New Items tab"))
B4: =IF(A4="","",IFERROR(VLOOKUP(A4,'Parts Lookup'!$A:$B,2,FALSE),"NEW/CUSTOM - use Custom-New Items tab"))
B5: =IF(A5="","",IFERROR(VLOOKUP(A5,'Parts Lookup'!$A:$B,2,FALSE),"NEW/CUSTOM - use Custom-New Items tab"))
B6: =IF(A6="","",IFERROR(VLOOKUP(A6,'Parts Lookup'!$A:$B,2,FALSE),"NEW/CUSTOM - use Custom-New Items tab"))
B7: =IF(A7="","",IFERROR(VLOOKUP(A7,'Parts Lookup'!$A:$B,2,FALSE),"NEW/CUSTOM - use Custom-New Items tab"))
B8: =IF(A8="","",IFERROR(VLOOKUP(A8,'Parts Lookup'!$A:$B,2,FALSE),"NEW/CUSTOM - use Custom-New Items tab"))
B9: =IF(A9="","",IFERROR(VLOOKUP(A9,'Parts Lookup'!$A:$B,2,FALSE),"NEW/CUSTOM - use Custom-New Items tab"))
B10: =IF(A10="","",IFERROR(VLOOKUP(A10,'Parts Lookup'!$A:$B,2,FALSE),"NEW/CUSTOM - use Custom-New Items tab"))
B11: =IF(A11="","",IFERROR(VLOOKUP(A11,'Parts Lookup'!$A:$B,2,FALSE),"NEW/CUSTOM - use Custom-New Items tab"))
B12: =IF(A12="","",IFERROR(VLOOKUP(A12,'Parts Lookup'!$A:$B,2,FALSE),"NEW/CUSTOM - use Custom-New Items tab"))
B13: =IF(A13="","",IFERROR(VLOOKUP(A13,'Parts Lookup'!$A:$B,2,FALSE),"NEW/CUSTOM - use Custom-New Items tab"))
... B750: =IF(A750="","",IFERROR(VLOOKUP(A750,'Parts Lookup'!$A:$B,2,FALSE),"NEW/CUSTOM - use Custom-New Items tab"))
